tradingsymbol,exchange,instrument_token,isin,product,price,quantity,used_quantity,t1_quantity,realised_quantity,authorised_quantity,authorised_date,authorisation,opening_quantity,short_quantity,collateral_quantity,collateral_type,discrepancy,average_price,last_price,close_price,pnl,day_change,day_change_percentage,source,key,overnight_quantity,multiplier,value,m2m,unrealised,realised,buy_quantity,buy_price,buy_value,buy_m2m,sell_quantity,sell_price,sell_value,sell_m2m,day_buy_quantity,day_buy_price,day_buy_value,day_sell_quantity,day_sell_price,day_sell_value,ltp,open,high,low,close,qty,oPL%,dPL%,avg,Invested,PnL,PL%,Yvalue,dPnL,outqty,in,out,smb_power,fPL%,tPL%
AARTIIND,NSE,1793,INE769A01020,CNC,0.0,6,0.0,0.0,6.0,6.0,2024-06-27 17:00:00,{'pre': {'2024-06-27 17:00:00': 6}},6.0,0.0,0.0,,False,762.2,687.2,694.55,-450,-7.349999999999909,-1.0582391476495443,holdings,NSE:AARTIIND,,,4123.2,,,,,,,,,,,,,,,,,,687.2,694.55,694.55,677.65,694.55,6,-1.06,-1.06,762.2,4573,-449,-9.82,4167.3,-44.1,14.0,354.8,0.0,0.57,1.77,6.39
ACCELYA,NSE,1805569,INE793A01012,CNC,0.0,5,0.0,0.0,5.0,5.0,2024-06-27 17:00:00,{'pre': {'2024-06-27 17:00:00': 5}},5.0,0.0,0.0,,False,1904.97,1686.3,1703.85,-1093,-17.549999999999955,-1.030020248261288,holdings,NSE:ACCELYA,,,8431.5,,,,,,,,,,,,,,,,,,1686.3,1703.85,1724.95,1671.0,1703.85,5,-1.03,-1.03,1904.97,9525,-1093,-11.48,8519.25,-87.75,797.0,31.159598,0.0,0.28,1.32,4.58
ACE,BSE,136387076,INE731H01025,CNC,0.0,7,0.0,0.0,7.0,7.0,2024-06-27 17:00:00,{'pre': {'2024-06-27 17:00:00': 7}},7.0,0.0,0.0,,False,1525.95,1505.95,1504.95,-140,1.0,0.0664473902787468,holdings,BSE:ACE,,,10541.65,,,,,,,,,,,,,,,,,,1505.95,1500.75,1544.0,1480.05,1504.95,7,0.35,0.07,1525.95,10682,-140,-1.31,10534.65,7.0,,,962.5,0.41,1.51,5.25
ACI,NSE,3078145,INE128X01021,CNC,0.0,7,0.0,0.0,7.0,7.0,2024-06-27 17:00:00,{'pre': {'2024-06-27 17:00:00': 7}},7.0,0.0,0.0,,False,692.69,657.6,691.65,-245,-34.049999999999955,-4.923010193016693,holdings,NSE:ACI,,,4603.2,,,,,,,,,,,,,,,,,,657.6,667.0,673.2,654.0,691.65,7,-1.41,-4.92,692.692857,4849,-245,-5.05,4841.55,-238.35,,,1049.12,0.19,1.21,4.25
ADINATH,BSE,131612932,INE207C01019,CNC,0.0,332,0.0,0.0,332.0,332.0,2024-06-27 17:00:00,{'pre': {'2024-06-27 17:00:00': 332}},332.0,0.0,0.0,,False,30.1,25.63,26.1,-1484,-0.4700000000000024,-1.8007662835249134,holdings,BSE:ADINATH,,,8509.16,,,,,,,,,,,,,,,,,,25.63,26.1,26.1,25.11,26.1,332,-1.8,-1.8,30.1,9993,-1483,-14.84,8665.2,-156.04,,,996.35,0.52,1.68,5.96
ADROITINFO,BSE,136236036,INE737B01033,CNC,0.0,692,0.0,0.0,692.0,692.0,2024-06-27 17:00:00,{'pre': {'2024-06-27 17:00:00': 692}},692.0,0.0,0.0,,False,23.32,18.4,18.47,-3405,-0.07000000000000028,-0.37899296155928686,holdings,BSE:ADROITINFO,,,12732.8,,,,,,,,,,,,,,,,,,18.4,18.95,18.95,18.0,18.47,692,-2.9,-0.38,23.321705,16139,-3406,-21.1,12781.24,-48.44,,,1034.4,0.42,1.52,5.28
AJANTPHARM,BSE,136276740,INE031B01049,CNC,0.0,2,0.0,0.0,2.0,2.0,2024-06-27 17:00:00,{'pre': {'2024-06-27 17:00:00': 2}},2.0,0.0,0.0,,False,2417.95,2306.35,2318.55,-223,-12.200000000000273,-0.5261909383019677,holdings,BSE:AJANTPHARM,,,4612.7,,,,,,,,,,,,,,,,,,2306.35,2327.9,2348.65,2260.55,2318.55,2,-0.93,-0.53,2417.95,4836,-223,-4.61,4637.1,-24.4,,,1018.7,0.52,1.68,5.96
AMBER,NSE,303361,INE371P01015,CNC,0.0,0,1.0,0.0,0.0,1.0,2024-06-27 17:00:00,{'pre': {'2024-06-27 17:00:00': 1}},1.0,0.0,0.0,,False,4059.25,4279.25,4262.75,0,16.5,0.3870740719019412,holdings,NSE:AMBER,,,0.0,,,,,,,,,,,,,,,,,,4279.25,4275.0,4425.35,4217.0,4262.75,0,0.1,0.39,4059.25,0,0,,0.0,0.0,,,1017.6,0.3,1.35,4.68
APOORVA,BSE,138123524,INE217S01014,CNC,0.0,66,0.0,0.0,66.0,66.0,2024-06-27 17:00:00,{'pre': {'2024-06-27 17:00:00': 66}},66.0,0.0,0.0,,False,29.9,33.61,32.01,244,1.6000000000000014,4.998437988128714,holdings,BSE:APOORVA,,,2218.26,,,,,,,,,,,,,,,,,,33.61,32.0,33.61,30.41,32.01,66,5.03,5.0,29.9,1973,245,12.42,2112.66,105.6,,,1042.35,1.0,2.72,14.3
ASIANPAINT,BSE,128209924,INE021A01026,CNC,0.0,2,0.0,0.0,2.0,2.0,2024-06-27 17:00:00,{'pre': {'2024-06-27 17:00:00': 2}},2.0,0.0,0.0,,False,2948.0,2882.15,2864.8,-131,17.34999999999991,0.6056269198547859,holdings,BSE:ASIANPAINT,,,5764.3,,,,,,,,,,,,,,,,,,2882.15,2860.0,2902.0,2845.0,2864.8,2,0.77,0.61,2948.0,5896,-131,-2.22,5729.6,34.7,,,54.042308000000006,0.65,1.92,7.2
BAJAJFINSV,BSE,136442372,INE918I01026,CNC,0.0,3,0.0,0.0,3.0,3.0,2024-06-27 17:00:00,{'pre': {'2024-06-27 17:00:00': 3}},3.0,0.0,0.0,,False,1644.95,1602.8,1600.85,-126,1.9500000000000455,0.1218102882843518,holdings,BSE:BAJAJFINSV,,,4808.4,,,,,,,,,,,,,,,,,,1602.8,1608.85,1614.0,1595.9,1600.85,3,-0.38,0.12,1644.95,4935,-126,-2.55,4802.55,5.85,,,67.983333,0.38,1.46,5.06
BANKINDIA,NSE,1214721,INE084A01016,CNC,0.0,40,0.0,0.0,40.0,40.0,2024-06-27 17:00:00,{'pre': {'2024-06-27 17:00:00': 40}},40.0,0.0,0.0,,False,148.81,120.89,123.9,-1116,-3.010000000000005,-2.4293785310734504,holdings,NSE:BANKINDIA,,,4835.6,,,,,,,,,,,,,,,,,,120.89,123.11,123.76,119.88,123.9,40,-1.8,-2.43,148.81,5952,-1116,-18.75,4956.0,-120.4,,,324.6,0.26,1.3,4.52
BHARATWIRE,BSE,138188548,INE316L01019,CNC,0.0,49,0.0,0.0,49.0,49.0,2024-06-27 17:00:00,{'pre': {'2024-06-27 17:00:00': 49}},49.0,0.0,0.0,,False,335.88,260.0,265.6,-3717,-5.600000000000023,-2.1084337349397675,holdings,BSE:BHARATWIRE,,,12740.0,,,,,,,,,,,,,,,,,,260.0,266.1,271.05,256.2,265.6,49,-2.29,-2.11,335.87653,16458,-3718,-22.59,13014.4,-274.4,1.0,4059.25,0.0,0.26,1.3,4.52
CANBK,NSE,2763265,INE476A01022,CNC,0.0,40,0.0,0.0,40.0,40.0,2024-06-27 17:00:00,{'pre': {'2024-06-27 17:00:00': 40}},40.0,0.0,0.0,,False,125.77,118.11,118.69,-306,-0.5799999999999983,-0.4886679585474752,holdings,NSE:CANBK,,,4724.4,,,,,,,,,,,,,,,,,,118.11,118.18,119.4,116.84,118.69,40,-0.06,-0.49,125.77,5031,-306,-6.08,4747.6,-23.2,6.0,2928.975,0.0,0.5,1.65,5.83
CASTROLIND,NSE,320001,INE172A01027,CNC,0.0,47,0.0,0.0,47.0,47.0,2024-06-27 17:00:00,{'pre': {'2024-06-27 17:00:00': 47}},47.0,0.0,0.0,,False,212.4,202.4,205.47,-470,-3.069999999999993,-1.4941353968949205,holdings,NSE:CASTROLIND,,,9512.8,,,,,,,,,,,,,,,,,,202.4,204.7,209.75,201.0,205.47,47,-1.12,-1.49,212.4,9983,-470,-4.71,9657.09,-144.29,,,1033.2125,0.16,1.17,4.14
CEATLTD,NSE,3905025,INE482A01020,CNC,0.0,2,0.0,0.0,2.0,2.0,2024-06-27 17:00:00,{'pre': {'2024-06-27 17:00:00': 2}},2.0,0.0,0.0,,False,2626.9,2599.0,2519.15,-55,79.84999999999991,3.169719945219614,holdings,NSE:CEATLTD,,,5198.0,,,,,,,,,,,,,,,,,,2599.0,2523.0,2688.4,2499.45,2519.15,2,3.01,3.17,2626.9,5254,-56,-1.07,5038.3,159.7,,,975.35,0.53,1.7,6.05
CREDITACC,BSE,138693124,INE741K01010,CNC,0.0,3,0.0,0.0,3.0,3.0,2024-06-27 17:00:00,{'pre': {'2024-06-27 17:00:00': 3}},3.0,0.0,0.0,,False,1510.15,1335.55,1359.25,-523,-23.700000000000045,-1.7436086076880666,holdings,BSE:CREDITACC,,,4006.65,,,,,,,,,,,,,,,,,,1335.55,1382.0,1382.0,1325.2,1359.25,3,-3.36,-1.74,1510.15,4530,-523,-11.55,4077.75,-71.1,,,994.8,0.18,1.2,4.22
CSBBANK,BSE,138973956,INE679A01013,CNC,0.0,12,0.0,0.0,12.0,12.0,2024-06-27 17:00:00,{'pre': {'2024-06-27 17:00:00': 12}},12.0,0.0,0.0,,False,410.95,364.1,356.85,-562,7.25,2.0316659660921954,holdings,BSE:CSBBANK,,,4369.2,,,,,,,,,,,,,,,,,,364.1,371.6,382.1,362.3,356.85,12,-2.02,2.03,410.95,4931,-561,-11.38,4282.2,87.0,,,,0.09,1.09,3.92
CYBELEIND,BSE,136056836,INE183D01010,CNC,0.0,202,0.0,0.0,202.0,202.0,2024-06-27 17:00:00,{'pre': {'2024-06-27 17:00:00': 202}},202.0,0.0,0.0,,False,46.46,38.38,39.98,-1632,-1.5999999999999943,-4.002001000500236,holdings,BSE:CYBELEIND,,,7752.76,,,,,,,,,,,,,,,,,,38.38,39.98,41.3,38.38,39.98,202,-4.0,-4.0,46.463118,9386,-1633,-17.4,8075.96,-323.2,,,,0.0,1.0,3.71
DCBBANK,BSE,136389636,INE503A01015,CNC,0.0,35,0.0,0.0,35.0,35.0,2024-06-27 17:00:00,{'pre': {'2024-06-27 17:00:00': 35}},35.0,0.0,0.0,,False,140.95,137.5,140.15,-120,-2.6500000000000057,-1.8908312522297577,holdings,BSE:DCBBANK,,,4812.5,,,,,,,,,,,,,,,,,,137.5,140.25,141.0,136.2,140.15,35,-1.96,-1.89,140.95,4933,-120,-2.43,4905.25,-92.75,,,,0.27,1.31,4.55
DCM,NSE,206081,INE498A01018,CNC,0.0,91,0.0,0.0,91.0,91.0,2024-06-27 17:00:00,{'pre': {'2024-06-27 17:00:00': 91}},91.0,0.0,0.0,,False,90.02,77.86,76.94,-1106,0.9200000000000017,1.19573693787367,holdings,NSE:DCM,,,7085.26,,,,,,,,,,,,,,,,,,77.86,77.31,80.5,77.01,76.94,91,0.71,1.2,90.01978,8192,-1106,-13.5,7001.54,83.72,,,,0.25,1.28,4.46
DHAMPURSUG,BSE,128030468,INE041A01016,CNC,0.0,37,0.0,0.0,37.0,37.0,2024-06-27 17:00:00,{'pre': {'2024-06-27 17:00:00': 37}},37.0,0.0,0.0,,False,263.75,224.8,227.35,-1441,-2.549999999999983,-1.1216186496591083,holdings,BSE:DHAMPURSUG,,,8317.6,,,,,,,,,,,,,,,,,,224.8,229.95,229.95,221.0,227.35,37,-2.24,-1.12,263.75,9759,-1441,-14.77,8411.95,-94.35,,,,0.42,1.52,5.28
EASEMYTRIP,BSE,139077636,INE07O001026,CNC,0.0,107,0.0,0.0,107.0,107.0,2024-06-27 17:00:00,{'pre': {'2024-06-27 17:00:00': 107}},107.0,0.0,0.0,,False,46.95,41.23,41.73,-612,-0.5,-1.1981787682722262,holdings,BSE:EASEMYTRIP,,,4411.61,,,,,,,,,,,,,,,,,,41.23,41.73,41.92,40.92,41.73,107,-1.2,-1.2,46.95,5024,-612,-12.18,4465.11,-53.5,,,,0.31,1.36,4.72
ECLERX,BSE,136429316,INE738I01010,CNC,0.0,2,0.0,0.0,2.0,2.0,2024-06-27 17:00:00,{'pre': {'2024-06-27 17:00:00': 2}},2.0,0.0,0.0,,False,2448.35,2397.0,2412.25,-102,-15.25,-0.6321898642346357,holdings,BSE:ECLERX,,,4794.0,,,,,,,,,,,,,,,,,,2397.0,2424.25,2428.05,2384.45,2412.25,2,-1.12,-0.63,2448.35,4897,-103,-2.1,4824.5,-30.5,,,,0.29,1.34,4.65
EIHOTEL,BSE,128215044,INE230A01023,CNC,0.0,10,0.0,0.0,10.0,10.0,2024-06-27 17:00:00,{'pre': {'2024-06-27 17:00:00': 10}},10.0,0.0,0.0,,False,494.3,431.05,439.25,-632,-8.199999999999989,-1.8668184405236172,holdings,BSE:EIHOTEL,,,4310.5,,,,,,,,,,,,,,,,,,431.05,442.0,442.0,425.9,439.25,10,-2.48,-1.87,494.3,4943,-632,-12.79,4392.5,-82.0,,,,0.32,1.38,4.77
FCL,NSE,1586689,INE045J01026,CNC,0.0,12,0.0,0.0,12.0,12.0,2024-06-27 17:00:00,{'pre': {'2024-06-27 17:00:00': 12}},12.0,0.0,0.0,,False,398.45,386.55,393.1,-142,-6.550000000000011,-1.6662426863393567,holdings,NSE:FCL,,,4638.6,,,,,,,,,,,,,,,,,,386.55,394.2,395.0,380.7,393.1,12,-1.94,-1.67,398.45,4781,-142,-2.97,4717.2,-78.6,,,,0.41,1.51,5.25
FLUOROCHEM,NSE,3520001,INE09N301011,CNC,0.0,1,0.0,0.0,1.0,1.0,2024-06-27 17:00:00,{'pre': {'2024-06-27 17:00:00': 1}},1.0,0.0,0.0,,False,3702.4,3223.5,3320.1,-478,-96.59999999999991,-2.9095509171410474,holdings,NSE:FLUOROCHEM,,,3223.5,,,,,,,,,,,,,,,,,,3223.5,3320.1,3336.7,3189.05,3320.1,1,-2.91,-2.91,3702.4,3702,-478,-12.91,3320.1,-96.6,,,,0.23,1.26,4.4
FRSHTRP,BSE,135699716,INE795D01011,CNC,0.0,76,0.0,0.0,76.0,76.0,2024-06-27 17:00:00,{'pre': {'2024-06-27 17:00:00': 76}},76.0,0.0,0.0,,False,166.13,132.9,139.45,-2525,-6.549999999999983,-4.697024022947281,holdings,BSE:FRSHTRP,,,10100.4,,,,,,,,,,,,,,,,,,132.9,139.95,142.0,130.15,139.45,76,-5.04,-4.7,166.133552,12626,-2525,-20.0,10598.2,-497.8,,,,0.23,1.26,4.4
GNFC,NSE,300545,INE113A01013,CNC,0.0,13,0.0,0.0,13.0,13.0,2024-06-27 17:00:00,{'pre': {'2024-06-27 17:00:00': 13}},13.0,0.0,0.0,,False,783.2,672.3,694.35,-1441,-22.050000000000068,-3.1756318859364976,holdings,NSE:GNFC,,,8739.9,,,,,,,,,,,,,,,,,,672.3,695.45,698.2,660.05,694.35,13,-3.33,-3.18,783.203846,10182,-1442,-14.16,9026.55,-286.65,,,,0.32,1.38,4.77
GOLDIAM,NSE,3064577,INE025B01025,CNC,0.0,52,0.0,0.0,52.0,52.0,2024-06-27 17:00:00,{'pre': {'2024-06-27 17:00:00': 52}},52.0,0.0,0.0,,False,191.8,161.8,164.9,-1560,-3.0999999999999943,-1.8799272286234046,holdings,NSE:GOLDIAM,,,8413.6,,,,,,,,,,,,,,,,,,161.8,165.2,165.8,161.0,164.9,52,-2.06,-1.88,191.8,9974,-1560,-15.64,8574.8,-161.2,,,,0.17,1.19,4.2
GPPL,NSE,5051137,INE517F01014,CNC,0.0,23,0.0,0.0,23.0,23.0,2024-06-27 17:00:00,{'pre': {'2024-06-27 17:00:00': 23}},23.0,0.0,0.0,,False,215.75,208.42,208.87,-168,-0.45000000000001705,-0.21544501364485902,holdings,NSE:GPPL,,,4793.66,,,,,,,,,,,,,,,,,,208.42,208.85,211.68,204.37,208.87,23,-0.21,-0.22,215.75,4962,-168,-3.39,4804.01,-10.35,,,,0.55,1.73,6.19
GRAPHITE,NSE,151553,INE371A01025,CNC,0.0,7,0.0,0.0,7.0,7.0,2024-06-27 17:00:00,{'pre': {'2024-06-27 17:00:00': 7}},7.0,0.0,0.0,,False,698.01,568.05,578.05,-909,-10.0,-1.7299541562148604,holdings,NSE:GRAPHITE,,,3976.35,,,,,,,,,,,,,,,,,,568.05,580.0,581.0,564.65,578.05,7,-2.06,-1.73,698.007142,4886,-909,-18.6,4046.35,-70.0,,,,0.21,1.23,4.31
HEG,NSE,342017,INE545A01016,CNC,0.0,2,0.0,0.0,2.0,2.0,2024-06-27 17:00:00,{'pre': {'2024-06-27 17:00:00': 2}},2.0,0.0,0.0,,False,2418.8,2146.55,2206.1,-544,-59.54999999999973,-2.6993336657449674,holdings,NSE:HEG,,,4293.1,,,,,,,,,,,,,,,,,,2146.55,2206.1,2208.95,2137.05,2206.1,2,-2.7,-2.7,2418.8,4838,-544,-11.24,4412.2,-119.1,,,,0.13,1.14,4.06
HINDOILEXP,BSE,128047620,INE345A01011,CNC,0.0,24,0.0,0.0,24.0,24.0,2024-06-27 17:00:00,{'pre': {'2024-06-27 17:00:00': 24}},24.0,0.0,0.0,,False,207.65,198.5,206.4,-219,-7.900000000000006,-3.827519379844964,holdings,BSE:HINDOILEXP,,,4764.0,,,,,,,,,,,,,,,,,,198.5,203.0,207.75,195.7,206.4,24,-2.22,-3.83,207.65,4984,-220,-4.41,4953.6,-189.6,,,,0.23,1.26,4.4
HOVS-BE,NSE,3480321,INE596H01014,CNC,0.0,148,0.0,0.0,148.0,148.0,2024-06-27 17:00:00,{'pre': {'2024-06-27 17:00:00': 148}},148.0,0.0,0.0,,False,73.79,65.22,64.76,-1268,0.45999999999999375,0.7103150092649686,holdings,NSE:HOVS-BE,,,9652.56,,,,,,,,,,,,,,,,,,65.22,64.76,66.89,64.76,64.76,148,0.71,0.71,73.789459,10921,-1268,-11.61,9584.48,68.08,,,,0.22,1.25,4.37
LIQUIDIETF,BSE,138738180,INF109KC1KT9,CNC,0.0,10,0.0,0.0,10.0,10.0,2024-06-27 17:00:00,{'pre': {'2024-06-27 17:00:00': 10}},10.0,0.0,0.0,,False,1000.0,1000.0,1000.0,0,0.0,0.0,holdings,BSE:LIQUIDIETF,,,10000.0,,,,,,,,,,,,,,,,,,1000.0,999.99,1000.01,999.78,1000.0,10,0.0,0.0,1000.0,10000,0,0.0,10000.0,0.0,,,,0.92,2.51,11.86
INDOCO,BSE,136348676,INE873D01024,CNC,0.0,28,0.0,0.0,28.0,28.0,2024-06-27 17:00:00,{'pre': {'2024-06-27 17:00:00': 28}},28.0,0.0,0.0,,False,350.0,323.3,326.55,-747,-3.25,-0.9952534068289696,holdings,BSE:INDOCO,,,9052.4,,,,,,,,,,,,,,,,,,323.3,330.0,330.0,321.15,326.55,28,-2.03,-1.0,350.0,9800,-747,-7.62,9143.4,-91.0,,,,0.24,1.27,4.43
INDORAMA,BSE,128052996,INE156A01020,CNC,0.0,406,0.0,0.0,406.0,406.0,2024-06-27 17:00:00,{'pre': {'2024-06-27 17:00:00': 406}},406.0,0.0,0.0,,False,51.19,44.93,45.58,-2540,-0.6499999999999986,-1.4260640631856047,holdings,BSE:INDORAMA,,,18241.58,,,,,,,,,,,,,,,,,,44.93,45.0,45.8,44.15,45.58,406,-0.16,-1.43,51.188596,20783,-2541,-12.23,18505.48,-263.9,,,,0.47,1.6,5.61
INDRAMEDCO,NSE,1216257,INE681B01017,CNC,0.0,18,0.0,0.0,18.0,18.0,2024-06-27 17:00:00,{'pre': {'2024-06-27 17:00:00': 18}},18.0,0.0,0.0,,False,270.4,238.17,242.87,-580,-4.700000000000017,-1.9351916663235547,holdings,NSE:INDRAMEDCO,,,4287.06,,,,,,,,,,,,,,,,,,238.17,242.3,248.94,236.0,242.87,18,-1.7,-1.94,270.4,4867,-579,-11.9,4371.66,-84.6,,,,0.17,1.19,4.2
INDUSINDBK,NSE,1346049,INE095A01012,CNC,0.0,6,0.0,0.0,6.0,6.0,2024-06-27 17:00:00,{'pre': {'2024-06-27 17:00:00': 6}},6.0,0.0,0.0,,False,1560.8,1502.75,1497.9,-348,4.849999999999909,0.3237866346217978,holdings,NSE:INDUSINDBK,,,9016.5,,,,,,,,,,,,,,,,,,1502.75,1494.0,1504.95,1485.0,1497.9,6,0.59,0.32,1560.8,9365,-348,-3.72,8987.4,29.1,,,,0.89,2.44,11.15
INDUSTOWER,BSE,136912900,INE121J01017,CNC,0.0,0,14.0,0.0,0.0,14.0,2024-06-27 17:00:00,{'pre': {'2024-06-27 17:00:00': 14}},14.0,0.0,0.0,,False,354.8,365.65,356.15,0,9.5,2.6674154148532923,holdings,BSE:INDUSTOWER,,,0.0,,,,,,,,,,,,,,,,,,365.65,362.7,369.15,351.5,356.15,0,0.81,2.67,354.8,0,0,,0.0,0.0,,,,0.8,2.23,9.3
INTSTOIL,BSE,135746308,INE003B01014,CNC,0.0,311,0.0,0.0,311.0,311.0,2024-06-27 17:00:00,{'pre': {'2024-06-27 17:00:00': 311}},311.0,0.0,0.0,,False,48.1,38.87,38.18,-2869,0.6899999999999977,1.8072289156626447,holdings,BSE:INTSTOIL,,,12088.57,,,,,,,,,,,,,,,,,,38.87,38.05,38.88,37.11,38.18,311,2.16,1.81,48.096366,14958,-2869,-19.18,11873.98,214.59,,,,0.99,2.69,13.92
JAYBARMARU,BSE,133136900,INE571B01036,CNC,0.0,40,0.0,0.0,40.0,40.0,2024-06-27 17:00:00,{'pre': {'2024-06-27 17:00:00': 40}},40.0,0.0,0.0,,False,123.05,109.45,107.25,-543,2.200000000000003,2.051282051282054,holdings,BSE:JAYBARMARU,,,4378.0,,,,,,,,,,,,,,,,,,109.45,109.9,112.0,106.5,107.25,40,-0.41,2.05,123.05,4922,-544,-11.05,4290.0,88.0,,,,0.54,1.72,6.14
JETAIRWAYS-BZ,NSE,3435521,INE802G01018,CNC,0.0,254,0.0,0.0,254.0,254.0,2024-06-27 17:00:00,{'pre': {'2024-06-27 17:00:00': 254}},254.0,0.0,0.0,,False,54.65,42.75,42.89,-3022,-0.14000000000000057,-0.326416414082538,holdings,NSE:JETAIRWAYS-BZ,,,10858.5,,,,,,,,,,,,,,,,,,42.75,42.78,43.7,42.61,42.89,254,-0.07,-0.33,54.649921,13881,-3022,-21.77,10894.06,-35.56,,,,0.14,1.15,4.09
JINDRILL,BSE,130824708,INE742C01031,CNC,0.0,6,0.0,0.0,6.0,6.0,2024-06-27 17:00:00,{'pre': {'2024-06-27 17:00:00': 6}},6.0,0.0,0.0,,False,792.75,641.2,622.95,-909,18.25,2.929609117906734,holdings,BSE:JINDRILL,,,3847.2,,,,,,,,,,,,,,,,,,641.2,620.0,654.45,620.0,622.95,6,3.42,2.93,792.75,4756,-908,-19.09,3737.7,109.5,,,,0.62,1.86,6.86
JKTYRE,BSE,135681796,INE573A01042,CNC,0.0,30,0.0,0.0,30.0,30.0,2024-06-27 17:00:00,{'pre': {'2024-06-27 17:00:00': 30}},30.0,0.0,0.0,,False,483.04,394.5,397.15,-2656,-2.6499999999999773,-0.6672541860757844,holdings,BSE:JKTYRE,,,11835.0,,,,,,,,,,,,,,,,,,394.5,403.0,404.0,393.0,397.15,30,-2.11,-0.67,483.036666,14491,-2656,-18.33,11914.5,-79.5,,,,0.14,1.15,4.09
JUBLINGREA,NSE,712449,INE0BY001018,CNC,0.0,9,0.0,0.0,9.0,9.0,2024-06-27 17:00:00,{'pre': {'2024-06-27 17:00:00': 9}},9.0,0.0,0.0,,False,554.44,516.8,534.95,-338,-18.15000000000009,-3.392840452378744,holdings,NSE:JUBLINGREA,,,4651.2,,,,,,,,,,,,,,,,,,516.8,538.65,538.65,515.35,534.95,9,-4.06,-3.39,554.438888,4990,-338,-6.77,4814.55,-163.35,,,,0.06,1.06,3.86
KAIRA,BSE,129239044,INE375D01012,CNC,0.0,2,0.0,0.0,2.0,2.0,2024-06-27 17:00:00,{'pre': {'2024-06-27 17:00:00': 2}},2.0,0.0,0.0,,False,2372.5,1929.95,1927.65,-885,2.2999999999999545,0.11931626591964073,holdings,BSE:KAIRA,,,3859.9,,,,,,,,,,,,,,,,,,1929.95,1941.95,1941.95,1901.0,1927.65,2,-0.62,0.12,2372.5,4745,-885,-18.65,3855.3,4.6,,,,0.71,2.03,7.87
KOPRAN,BSE,134215684,INE082A01010,CNC,0.0,35,0.0,0.0,35.0,35.0,2024-06-27 17:00:00,{'pre': {'2024-06-27 17:00:00': 35}},35.0,0.0,0.0,,False,278.55,252.5,258.55,-911,-6.050000000000011,-2.3399729259330924,holdings,BSE:KOPRAN,,,8837.5,,,,,,,,,,,,,,,,,,252.5,259.4,260.15,251.45,258.55,35,-2.66,-2.34,278.55,9749,-911,-9.34,9049.25,-211.75,,,,0.12,1.13,4.04
KTKBANK,NSE,2061825,INE614B01018,CNC,0.0,22,0.0,0.0,22.0,22.0,2024-06-27 17:00:00,{'pre': {'2024-06-27 17:00:00': 22}},22.0,0.0,0.0,,False,233.1,223.41,224.87,-213,-1.460000000000008,-0.6492640192111033,holdings,NSE:KTKBANK,,,4915.02,,,,,,,,,,,,,,,,,,223.41,224.8,225.92,222.0,224.87,22,-0.62,-0.65,233.1,5128,-212,-4.13,4947.14,-32.12,,,,0.36,1.43,4.95
LIQUIDETF,BSE,138520836,INF740KA1EU7,CNC,0.0,10,0.0,0.0,10.0,10.0,2024-06-27 17:00:00,{'pre': {'2024-06-27 17:00:00': 10}},10.0,0.0,0.0,,False,1000.01,1000.01,1000.0,0,0.009999999999990905,0.0009999999999990906,holdings,BSE:LIQUIDETF,,,10000.1,,,,,,,,,,,,,,,,,,1000.01,1000.0,1000.01,999.99,1000.0,10,0.0,0.0,1000.01,10000,0,0.0,10000.0,0.1,,,,0.75,2.12,8.48
LUPIN,BSE,128065796,INE326A01037,CNC,0.0,3,0.0,0.0,3.0,3.0,2024-06-27 17:00:00,{'pre': {'2024-06-27 17:00:00': 3}},3.0,0.0,0.0,,False,1658.0,1584.3,1584.45,-221,-0.15000000000009095,-0.009467007478941648,holdings,BSE:LUPIN,,,4752.9,,,,,,,,,,,,,,,,,,1584.3,1587.2,1601.6,1571.65,1584.45,3,-0.18,-0.01,1658.0,4974,-221,-4.44,4753.35,-0.45,,,,0.42,1.52,5.28
MARBLE,BSE,136007940,INE807H01023,CNC,0.0,813,0.0,0.0,813.0,813.0,2024-06-27 17:00:00,{'pre': {'2024-06-27 17:00:00': 813}},813.0,0.0,0.0,,False,18.76,14.0,13.96,-3868,0.03999999999999915,0.28653295128939216,holdings,BSE:MARBLE,,,11382.0,,,,,,,,,,,,,,,,,,14.0,14.59,14.59,13.5,13.96,813,-4.04,0.29,18.758216,15250,-3868,-25.36,11349.48,32.52,,,,0.46,1.58,5.52
MARIS,BSE,136064772,INE866D01010,CNC,0.0,244,0.0,0.0,244.0,244.0,2024-06-27 17:00:00,{'pre': {'2024-06-27 17:00:00': 244}},244.0,0.0,0.0,,False,44.73,36.25,37.0,-2069,-0.75,-2.027027027027027,holdings,BSE:MARIS,,,8845.0,,,,,,,,,,,,,,,,,,36.25,37.0,37.0,35.0,37.0,244,-2.03,-2.03,44.731844,10915,-2070,-18.96,9028.0,-183.0,,,,0.62,1.86,6.86
MARKSANS,NSE,2708225,INE750C01026,CNC,0.0,29,0.0,0.0,29.0,29.0,2024-06-27 17:00:00,{'pre': {'2024-06-27 17:00:00': 29}},29.0,0.0,0.0,,False,172.85,159.09,162.04,-399,-2.9499999999999886,-1.8205381387311708,holdings,NSE:MARKSANS,,,4613.61,,,,,,,,,,,,,,,,,,159.09,162.0,162.49,158.56,162.04,29,-1.8,-1.82,172.85,5013,-399,-7.96,4699.16,-85.55,,,,0.14,1.15,4.09
MARUTI,NSE,2815745,INE585B01010,CNC,0.0,1,0.0,0.0,1.0,1.0,2024-06-27 17:00:00,{'pre': {'2024-06-27 17:00:00': 1}},1.0,0.0,0.0,,False,12955.0,12178.75,12198.25,-776,-19.5,-0.15985899616748303,holdings,NSE:MARUTI,,,12178.75,,,,,,,,,,,,,,,,,,12178.75,12200.0,12227.3,12010.0,12198.25,1,-0.17,-0.16,12955.0,12955,-776,-5.99,12198.25,-19.5,,,,0.78,2.18,8.92
MASTEK,BSE,134068228,INE759A01021,CNC,0.0,2,0.0,0.0,2.0,2.0,2024-06-27 17:00:00,{'pre': {'2024-06-27 17:00:00': 2}},2.0,0.0,0.0,,False,2807.9,2703.55,2685.1,-208,18.450000000000273,0.6871252467319755,holdings,BSE:MASTEK,,,5407.1,,,,,,,,,,,,,,,,,,2703.55,2690.0,2750.85,2683.9,2685.1,2,0.5,0.69,2807.9,5616,-208,-3.7,5370.2,36.9,,,,0.29,1.34,4.65
MAZDA,NSE,4829697,INE885E01034,CNC,0.0,6,0.0,0.0,6.0,6.0,2024-06-27 17:00:00,{'pre': {'2024-06-27 17:00:00': 6}},6.0,0.0,0.0,,False,1518.99,1357.9,1381.9,-966,-24.0,-1.7367392720167882,holdings,NSE:MAZDA,,,8147.4,,,,,,,,,,,,,,,,,,1357.9,1398.95,1398.95,1350.0,1381.9,6,-2.93,-1.74,1518.991666,9114,-966,-10.6,8291.4,-144.0,,,,0.16,1.17,4.14
MEDANTA,NSE,3060737,INE474Q01031,CNC,0.0,4,0.0,0.0,4.0,4.0,2024-06-27 17:00:00,{'pre': {'2024-06-27 17:00:00': 4}},4.0,0.0,0.0,,False,1414.4,1275.9,1305.55,-554,-29.649999999999864,-2.271073493929751,holdings,NSE:MEDANTA,,,5103.6,,,,,,,,,,,,,,,,,,1275.9,1310.7,1313.0,1270.05,1305.55,4,-2.66,-2.27,1414.4,5658,-554,-9.79,5222.2,-118.6,,,,0.14,1.15,4.09
MERCANTILE,BSE,137969156,INE689O01013,CNC,0.0,0,797.0,0.0,0.0,797.0,2024-06-27 17:00:00,{'pre': {'2024-06-27 17:00:00': 797}},797.0,0.0,0.0,,False,31.16,32.05,30.53,0,1.519999999999996,4.9787094660989055,holdings,BSE:MERCANTILE,,,0.0,,,,,,,,,,,,,,,,,,32.05,32.05,32.05,32.05,30.53,0,0.0,4.98,31.159598,0,0,,0.0,0.0,,,,0.5,1.65,5.83
METROBRAND,BSE,139117060,INE317I01021,CNC,0.0,4,0.0,0.0,4.0,4.0,2024-06-27 17:00:00,{'pre': {'2024-06-27 17:00:00': 4}},4.0,0.0,0.0,,False,1276.92,1255.0,1228.1,-87,26.90000000000009,2.1903753765980043,holdings,BSE:METROBRAND,,,5020.0,,,,,,,,,,,,,,,,,,1255.0,1228.85,1255.0,1209.95,1228.1,4,2.13,2.19,1276.925,5108,-88,-1.72,4912.4,107.6,,,,1.0,2.72,14.3
MODISONLTD,BSE,129602820,INE737D01021,CNC,0.0,33,0.0,0.0,33.0,33.0,2024-06-27 17:00:00,{'pre': {'2024-06-27 17:00:00': 33}},33.0,0.0,0.0,,False,147.45,127.6,125.45,-655,2.1499999999999915,1.713830211239531,holdings,BSE:MODISONLTD,,,4210.8,,,,,,,,,,,,,,,,,,127.6,128.0,129.95,126.0,125.45,33,-0.31,1.71,147.45,4866,-655,-13.46,4139.85,70.95,,,,0.41,1.51,5.25
MRPL,BSE,128027908,INE103A01014,CNC,0.0,24,0.0,0.0,24.0,24.0,2024-06-27 17:00:00,{'pre': {'2024-06-27 17:00:00': 24}},24.0,0.0,0.0,,False,246.19,214.45,218.6,-761,-4.150000000000006,-1.8984446477584656,holdings,BSE:MRPL,,,5146.8,,,,,,,,,,,,,,,,,,214.45,217.2,219.5,212.1,218.6,24,-1.27,-1.9,246.191666,5909,-762,-12.9,5246.4,-99.6,,,,0.32,1.38,4.77
NESTLEIND,BSE,128202244,INE239A01024,CNC,0.0,3,0.0,0.0,3.0,3.0,2024-06-27 17:00:00,{'pre': {'2024-06-27 17:00:00': 3}},3.0,0.0,0.0,,False,2598.9,2529.1,2534.05,-209,-4.950000000000273,-0.1953394763323641,holdings,BSE:NESTLEIND,,,7587.3,,,,,,,,,,,,,,,,,,2529.1,2532.0,2553.6,2508.1,2534.05,3,-0.11,-0.2,2598.9,7797,-209,-2.68,7602.15,-14.85,,,,0.46,1.58,5.52
NH,BSE,138125060,INE410P01011,CNC,0.0,7,0.0,0.0,7.0,7.0,2024-06-27 17:00:00,{'pre': {'2024-06-27 17:00:00': 7}},7.0,0.0,0.0,,False,1340.04,1204.4,1196.45,-949,7.9500000000000455,0.6644657110618952,holdings,BSE:NH,,,8430.8,,,,,,,,,,,,,,,,,,1204.4,1200.75,1234.95,1196.75,1196.45,7,0.3,0.66,1340.042857,9380,-949,-10.12,8375.15,55.65,,,,0.2,1.22,4.28
NYKAA,NSE,1675521,INE388Y01029,CNC,0.0,29,0.0,0.0,29.0,29.0,2024-06-27 17:00:00,{'pre': {'2024-06-27 17:00:00': 29}},29.0,0.0,0.0,,False,175.2,176.65,174.68,42,1.9699999999999989,1.1277765056102582,holdings,NSE:NYKAA,,,5122.85,,,,,,,,,,,,,,,,,,176.65,174.9,177.5,172.29,174.68,29,1.0,1.13,175.2,5081,41,0.81,5065.72,57.13,,,,0.84,2.32,10.05
OILCOUNTUB,BSE,128080132,INE591A01010,CNC,0.0,248,0.0,0.0,248.0,248.0,2024-06-27 17:00:00,{'pre': {'2024-06-27 17:00:00': 248}},248.0,0.0,0.0,,False,51.27,38.5,39.38,-3166,-0.8800000000000026,-2.2346368715083864,holdings,BSE:OILCOUNTUB,,,9548.0,,,,,,,,,,,,,,,,,,38.5,39.0,39.2,38.5,39.38,248,-1.28,-2.23,51.266935,12714,-3166,-24.9,9766.24,-218.24,,,,0.01,1.01,3.74
OLECTRA,BSE,136304388,INE260D01016,CNC,0.0,5,0.0,0.0,5.0,5.0,2024-06-27 17:00:00,{'pre': {'2024-06-27 17:00:00': 5}},5.0,0.0,0.0,,False,1935.06,1781.95,1811.7,-765,-29.75,-1.6421041011204944,holdings,BSE:OLECTRA,,,8909.75,,,,,,,,,,,,,,,,,,1781.95,1820.0,1838.75,1762.8,1811.7,5,-2.09,-1.64,1935.06,9675,-765,-7.91,9058.5,-148.75,,,,0.25,1.28,4.46
PRSMJOHNSN,BSE,128086532,INE010A01011,CNC,0.0,60,0.0,0.0,60.0,60.0,2024-06-27 17:00:00,{'pre': {'2024-06-27 17:00:00': 60}},60.0,0.0,0.0,,False,180.94,175.5,169.1,-326,6.400000000000006,3.784742755765823,holdings,BSE:PRSMJOHNSN,,,10530.0,,,,,,,,,,,,,,,,,,175.5,166.25,184.4,166.25,169.1,60,5.56,3.78,180.945,10857,-327,-3.01,10146.0,384.0,,,,0.51,1.67,5.91
PSB,BSE,136523524,INE608A01012,CNC,0.0,154,0.0,0.0,154.0,154.0,2024-06-27 17:00:00,{'pre': {'2024-06-27 17:00:00': 154}},154.0,0.0,0.0,,False,64.7,58.95,59.48,-885,-0.529999999999994,-0.891055817081362,holdings,BSE:PSB,,,9078.3,,,,,,,,,,,,,,,,,,58.95,59.99,59.99,58.13,59.48,154,-1.73,-0.89,64.7,9964,-885,-8.88,9159.92,-81.62,,,,0.44,1.55,5.4
PSPPROJECT,NSE,5344513,INE488V01015,CNC,0.0,7,0.0,0.0,7.0,7.0,2024-06-27 17:00:00,{'pre': {'2024-06-27 17:00:00': 7}},7.0,0.0,0.0,,False,705.25,679.95,675.25,-177,4.7000000000000455,0.6960385042576891,holdings,NSE:PSPPROJECT,,,4759.65,,,,,,,,,,,,,,,,,,679.95,675.25,687.75,671.05,675.25,7,0.7,0.7,705.25,4937,-177,-3.59,4726.75,32.9,,,,0.53,1.7,6.05
QUANTBUILD,BSE,137880580,INE222B01028,CNC,0.0,2354,0.0,0.0,2354.0,2354.0,2024-06-27 17:00:00,{'pre': {'2024-06-27 17:00:00': 2354}},2354.0,0.0,0.0,,False,4.68,3.26,3.26,-3345,0.0,0.0,holdings,BSE:QUANTBUILD,,,7674.04,,,,,,,,,,,,,,,,,,3.26,3.26,3.26,3.1,3.26,2354,0.0,0.0,4.681163,11019,-3344,-30.35,7674.04,0.0,,,,0.94,2.56,12.4
QUESS,NSE,4532225,INE615P01015,CNC,0.0,8,0.0,0.0,8.0,8.0,2024-06-27 17:00:00,{'pre': {'2024-06-27 17:00:00': 8}},8.0,0.0,0.0,,False,632.85,603.55,602.4,-234,1.1499999999999773,0.1909030544488674,holdings,NSE:QUESS,,,4828.4,,,,,,,,,,,,,,,,,,603.55,605.3,605.45,591.15,602.4,8,-0.29,0.19,632.85,5063,-234,-4.62,4819.2,9.2,,,,0.87,2.39,10.67
RELIANCE,NSE,738561,INE002A01018,CNC,0.0,0,6.0,0.0,0.0,6.0,2024-06-27 17:00:00,{'pre': {'2024-06-27 17:00:00': 6}},6.0,0.0,0.0,,False,2928.98,3061.1,3028.05,0,33.04999999999973,1.0914615016264502,holdings,NSE:RELIANCE,,,0.0,,,,,,,,,,,,,,,,,,3061.1,3027.5,3075.0,3012.0,3028.05,0,1.11,1.09,2928.975,0,0,,0.0,0.0,,,,0.78,2.18,8.92
RELINFRA,NSE,141569,INE036A01016,CNC,0.0,87,0.0,0.0,87.0,87.0,2024-06-27 17:00:00,{'pre': {'2024-06-27 17:00:00': 87}},87.0,0.0,0.0,,False,232.46,197.69,205.41,-3024,-7.719999999999999,-3.75833698456745,holdings,NSE:RELINFRA,,,17199.03,,,,,,,,,,,,,,,,,,197.69,205.55,208.4,194.9,205.41,87,-3.82,-3.76,232.45977,20224,-3024,-14.95,17870.67,-671.64,,,,0.21,1.23,4.31
RICOAUTO,NSE,744705,INE209B01025,CNC,0.0,35,0.0,0.0,35.0,35.0,2024-06-27 17:00:00,{'pre': {'2024-06-27 17:00:00': 35}},35.0,0.0,0.0,,False,142.4,133.98,136.57,-294,-2.5900000000000034,-1.896463352127117,holdings,NSE:RICOAUTO,,,4689.3,,,,,,,,,,,,,,,,,,133.98,136.57,139.23,130.58,136.57,35,-1.9,-1.9,142.4,4984,-294,-5.9,4779.95,-90.65,,,,0.39,1.48,5.13
ROHLTD,NSE,3374593,INE283H01019,CNC,0.0,25,0.0,0.0,25.0,25.0,2024-06-27 17:00:00,{'pre': {'2024-06-27 17:00:00': 25}},25.0,0.0,0.0,,False,404.41,351.3,356.5,-1327,-5.199999999999989,-1.4586255259467007,holdings,NSE:ROHLTD,,,8782.5,,,,,,,,,,,,,,,,,,351.3,357.45,363.95,349.05,356.5,25,-1.72,-1.46,404.41,10110,-1327,-13.13,8912.5,-130.0,,,,0.15,1.16,4.11
SAKSOFT,NSE,3019265,INE667G01023,CNC,0.0,16,0.0,0.0,16.0,16.0,2024-06-27 17:00:00,{'pre': {'2024-06-27 17:00:00': 16}},16.0,0.0,0.0,,False,297.0,277.87,280.2,-306,-2.329999999999984,-0.831548893647389,holdings,NSE:SAKSOFT,,,4445.92,,,,,,,,,,,,,,,,,,277.87,282.51,286.74,275.0,280.2,16,-1.64,-0.83,297.0,4752,-306,-6.44,4483.2,-37.28,,,,0.24,1.27,4.43
SARVOTTAM,BSE,138015748,INE822Q01015,CNC,0.0,448,0.0,0.0,448.0,448.0,2024-06-27 17:00:00,{'pre': {'2024-06-27 17:00:00': 448}},448.0,0.0,0.0,,False,38.12,29.84,29.97,-3707,-0.129999999999999,-0.4337671004337638,holdings,BSE:SARVOTTAM,,,13368.32,,,,,,,,,,,,,,,,,,29.84,29.85,29.85,29.0,29.97,448,-0.03,-0.43,38.116205,17076,-3707,-21.71,13426.56,-58.24,,,,0.98,2.66,13.56
SATIN,BSE,138087428,INE836B01017,CNC,0.0,40,0.0,0.0,40.0,40.0,2024-06-27 17:00:00,{'pre': {'2024-06-27 17:00:00': 40}},40.0,0.0,0.0,,False,270.68,218.8,222.65,-2075,-3.8499999999999943,-1.7291713451605633,holdings,BSE:SATIN,,,8752.0,,,,,,,,,,,,,,,,,,218.8,222.65,227.15,215.0,222.65,40,-1.73,-1.73,270.68125,10827,-2075,-19.17,8906.0,-154.0,,,,0.31,1.36,4.72
SCHAND,NSE,5298689,INE807K01035,CNC,0.0,40,0.0,0.0,40.0,40.0,2024-06-27 17:00:00,{'pre': {'2024-06-27 17:00:00': 40}},40.0,0.0,0.0,,False,246.2,232.08,240.3,-564,-8.219999999999999,-3.4207240948813977,holdings,NSE:SCHAND,,,9283.2,,,,,,,,,,,,,,,,,,232.08,240.3,242.44,231.21,240.3,40,-3.42,-3.42,246.2,9848,-564,-5.73,9612.0,-328.8,,,,0.08,1.08,3.9
SHALBY,NSE,182785,INE597J01018,CNC,0.0,35,0.0,0.0,35.0,35.0,2024-06-27 17:00:00,{'pre': {'2024-06-27 17:00:00': 35}},35.0,0.0,0.0,,False,284.5,269.05,270.55,-540,-1.5,-0.5544261689151728,holdings,NSE:SHALBY,,,9416.75,,,,,,,,,,,,,,,,,,269.05,270.8,272.95,265.05,270.55,35,-0.65,-0.55,284.5,9958,-541,-5.43,9469.25,-52.5,,,,0.51,1.67,5.91
SHREDIGCEM,NSE,793345,INE232A01011,CNC,0.0,85,0.0,0.0,85.0,85.0,2024-06-27 17:00:00,{'pre': {'2024-06-27 17:00:00': 85}},85.0,0.0,0.0,,False,117.5,111.75,110.86,-488,0.8900000000000006,0.802814360454628,holdings,NSE:SHREDIGCEM,,,9498.75,,,,,,,,,,,,,,,,,,111.75,112.25,117.0,111.08,110.86,85,-0.45,0.8,117.5,9988,-489,-4.9,9423.1,75.65,,,,0.11,1.12,4.0
SHRIPISTON,NSE,4399617,INE526E01018,CNC,0.0,4,0.0,0.0,4.0,4.0,2024-06-27 17:00:00,{'pre': {'2024-06-27 17:00:00': 4}},4.0,0.0,0.0,,False,2196.0,1930.85,1933.75,-1060,-2.900000000000091,-0.1499676793794488,holdings,NSE:SHRIPISTON,,,7723.4,,,,,,,,,,,,,,,,,,1930.85,1940.0,1964.9,1913.25,1933.75,4,-0.47,-0.15,2196.0,8784,-1060,-12.07,7735.0,-11.6,,,,0.34,1.4,4.85
SOUTHBANK,BSE,136247812,INE683A01023,CNC,0.0,160,0.0,0.0,160.0,160.0,2024-06-27 17:00:00,{'pre': {'2024-06-27 17:00:00': 160}},160.0,0.0,0.0,,False,31.1,27.0,27.26,-656,-0.26000000000000156,-0.9537784299339748,holdings,BSE:SOUTHBANK,,,4320.0,,,,,,,,,,,,,,,,,,27.0,27.22,27.34,26.88,27.26,160,-0.81,-0.95,31.1,4976,-656,-13.18,4361.6,-41.6,,,,0.27,1.31,4.55
SOVERDIA,BSE,134099460,INE959D01013,CNC,0.0,299,0.0,0.0,299.0,299.0,2024-06-27 17:00:00,{'pre': {'2024-06-27 17:00:00': 299}},299.0,0.0,0.0,,False,35.62,27.77,27.75,-2347,0.019999999999999574,0.07207207207207053,holdings,BSE:SOVERDIA,,,8303.23,,,,,,,,,,,,,,,,,,27.77,27.75,28.88,27.06,27.75,299,0.07,0.07,35.621003,10651,-2347,-22.04,8297.25,5.98,,,,0.39,1.48,5.13
SPANDANA,BSE,138946308,INE572J01011,CNC,0.0,11,0.0,0.0,11.0,11.0,2024-06-27 17:00:00,{'pre': {'2024-06-27 17:00:00': 11}},11.0,0.0,0.0,,False,900.0,704.0,718.5,-2156,-14.5,-2.0180932498260264,holdings,BSE:SPANDANA,,,7744.0,,,,,,,,,,,,,,,,,,704.0,721.15,726.05,696.85,718.5,11,-2.38,-2.02,900.0,9900,-2156,-21.78,7903.5,-159.5,,,,0.25,1.28,4.46
STANPACK,BSE,135918340,INE457D01018,CNC,0.0,263,0.0,0.0,263.0,263.0,2024-06-27 17:00:00,{'pre': {'2024-06-27 17:00:00': 263}},263.0,0.0,0.0,,False,12.05,11.46,10.92,-155,0.5400000000000009,4.945054945054954,holdings,BSE:STANPACK,,,3013.98,,,,,,,,,,,,,,,,,,11.46,11.46,11.46,10.63,10.92,263,0.0,4.95,12.05,3169,-155,-4.89,2871.96,142.02,,,,0.99,2.69,13.92
STARCEMENT,BSE,138387204,INE460H01021,CNC,0.0,42,0.0,0.0,42.0,42.0,2024-06-27 17:00:00,{'pre': {'2024-06-27 17:00:00': 42}},42.0,0.0,0.0,,False,236.8,211.15,210.45,-1077,0.700000000000017,0.33262057495843056,holdings,BSE:STARCEMENT,,,8868.3,,,,,,,,,,,,,,,,,,211.15,212.2,216.55,210.25,210.45,42,-0.49,0.33,236.8,9946,-1077,-10.83,8838.9,29.4,,,,0.14,1.15,4.09
STARHEALTH,NSE,1813249,INE575P01011,CNC,0.0,9,0.0,0.0,9.0,9.0,2024-06-27 17:00:00,{'pre': {'2024-06-27 17:00:00': 9}},9.0,0.0,0.0,,False,572.55,528.65,525.45,-395,3.199999999999932,0.6090018079741044,holdings,NSE:STARHEALTH,,,4757.85,,,,,,,,,,,,,,,,,,528.65,526.3,532.0,520.95,525.45,9,0.45,0.61,572.55,5153,-395,-7.67,4729.05,28.8,,,,0.7,2.01,7.74
SUGALDAM,BSE,130983428,INE309D01011,CNC,0.0,164,0.0,0.0,164.0,164.0,2024-06-27 17:00:00,{'pre': {'2024-06-27 17:00:00': 164}},164.0,0.0,0.0,,False,31.3,29.5,28.84,-295,0.6600000000000001,2.288488210818308,holdings,BSE:SUGALDAM,,,4838.0,,,,,,,,,,,,,,,,,,29.5,27.4,29.56,27.4,28.84,164,7.66,2.29,31.3,5133,-295,-5.75,4729.76,108.24,,,,0.97,2.64,13.31
SURYODAY,BSE,139079428,INE428Q01011,CNC,0.0,24,0.0,0.0,24.0,24.0,2024-06-27 17:00:00,{'pre': {'2024-06-27 17:00:00': 24}},24.0,0.0,0.0,,False,211.4,190.65,191.65,-498,-1.0,-0.5217845030002608,holdings,BSE:SURYODAY,,,4575.6,,,,,,,,,,,,,,,,,,190.65,197.0,203.0,188.55,191.65,24,-3.22,-0.52,211.4,5074,-498,-9.81,4599.6,-24.0,,,,0.15,1.16,4.11
TALBROSENG,BSE,137980676,INE717E01013,CNC,0.0,7,0.0,0.0,7.0,7.0,2024-06-27 17:00:00,{'pre': {'2024-06-27 17:00:00': 7}},7.0,0.0,0.0,,False,720.62,636.2,651.2,-590,-15.0,-2.3034398034398036,holdings,BSE:TALBROSENG,,,4453.4,,,,,,,,,,,,,,,,,,636.2,651.2,662.0,636.2,651.2,7,-2.3,-2.3,720.621428,5044,-590,-11.7,4558.4,-105.0,,,,0.0,1.0,3.71
TANLA,BSE,136394244,INE483C01032,CNC,0.0,10,0.0,0.0,10.0,10.0,2024-06-27 17:00:00,{'pre': {'2024-06-27 17:00:00': 10}},10.0,0.0,0.0,,False,982.5,944.0,947.3,-385,-3.2999999999999545,-0.34835849255779106,holdings,BSE:TANLA,,,9440.0,,,,,,,,,,,,,,,,,,944.0,938.75,960.5,938.75,947.3,10,0.56,-0.35,982.5,9825,-385,-3.92,9473.0,-33.0,,,,0.24,1.27,4.43
TATACHEM,BSE,128197124,INE092A01019,CNC,0.0,8,0.0,0.0,8.0,8.0,2024-06-27 17:00:00,{'pre': {'2024-06-27 17:00:00': 8}},8.0,0.0,0.0,,False,1172.0,1091.1,1093.05,-647,-1.9500000000000455,-0.17839989021545635,holdings,BSE:TATACHEM,,,8728.8,,,,,,,,,,,,,,,,,,1091.1,1090.7,1098.7,1074.0,1093.05,8,0.04,-0.18,1172.0,9376,-647,-6.9,8744.4,-15.6,,,,0.69,1.99,7.62
TATAPOWER,NSE,877057,INE245A01021,CNC,0.0,66,0.0,0.0,66.0,66.0,2024-06-27 17:00:00,{'pre': {'2024-06-27 17:00:00': 66}},66.0,0.0,0.0,,False,448.62,439.45,432.2,-604,7.25,1.6774641369736234,holdings,NSE:TATAPOWER,,,29003.7,,,,,,,,,,,,,,,,,,439.45,432.2,443.0,426.5,432.2,66,1.68,1.68,448.616666,29609,-605,-2.04,28525.2,478.5,,,,0.78,2.18,8.92
TCI,NSE,2708481,INE688A01022,CNC,0.0,9,0.0,0.0,9.0,9.0,2024-06-27 17:00:00,{'pre': {'2024-06-27 17:00:00': 9}},9.0,0.0,0.0,,False,1023.75,909.55,922.55,-1027,-13.0,-1.409137716112948,holdings,NSE:TCI,,,8185.95,,,,,,,,,,,,,,,,,,909.55,925.0,931.7,902.55,922.55,9,-1.67,-1.41,1023.75,9214,-1028,-11.16,8302.95,-117.0,,,,0.24,1.27,4.43
TCS,BSE,136330244,INE467B01029,CNC,0.0,5,0.0,0.0,5.0,5.0,2024-06-27 17:00:00,{'pre': {'2024-06-27 17:00:00': 5}},5.0,0.0,0.0,,False,3890.4,3933.5,3856.05,215,77.44999999999982,2.0085320470429537,holdings,BSE:TCS,,,19667.5,,,,,,,,,,,,,,,,,,3933.5,3825.0,3940.0,3819.1,3856.05,5,2.84,2.01,3890.4,19452,215,1.11,19280.25,387.25,,,,0.95,2.59,12.73
UTKARSHBNK,BSE,139249156,INE735W01017,CNC,0.0,83,0.0,0.0,83.0,83.0,2024-06-27 17:00:00,{'pre': {'2024-06-27 17:00:00': 83}},83.0,0.0,0.0,,False,60.35,51.0,52.05,-776,-1.0499999999999972,-2.0172910662824157,holdings,BSE:UTKARSHBNK,,,4233.0,,,,,,,,,,,,,,,,,,51.0,52.0,52.05,50.5,52.05,83,-1.92,-2.02,60.35,5009,-776,-15.49,4320.15,-87.15,,,,0.32,1.38,4.77
VIPIND,NSE,947969,INE054A01027,CNC,0.0,9,0.0,0.0,9.0,9.0,2024-06-27 17:00:00,{'pre': {'2024-06-27 17:00:00': 9}},9.0,0.0,0.0,,False,559.5,483.7,482.65,-682,1.0500000000000114,0.2175489485134179,holdings,NSE:VIPIND,,,4353.3,,,,,,,,,,,,,,,,,,483.7,484.0,491.0,483.0,482.65,9,-0.06,0.22,559.5,5036,-682,-13.54,4343.85,9.45,,,,0.09,1.09,3.92
INDUSTOWER,BSE,136912900,,CNC,,-14,,,,,,,,,,,,360.35,365.65,0.0,-74,,,positions,BSE:INDUSTOWER,0.0,1.0,-5119.1,-74.19999999999891,-74.19999999999891,0.0,0.0,0.0,0.0,0.0,14.0,360.35,5044.900000000001,5044.900000000001,0.0,0.0,0.0,14.0,360.35,5044.900000000001,365.65,362.7,369.15,351.5,356.15,-14,0.81,2.67,360.35,-5045,-74,1.47,-4986.1,-133.0,,,,0.6,1.82,6.64
MERCANTILE,BSE,137969156,,CNC,,-797,,,,,,,,,,,,32.05,32.05,0.0,0,,,positions,BSE:MERCANTILE,0.0,1.0,-25543.85,0.0,0.0,0.0,0.0,0.0,0.0,0.0,797.0,32.05,25543.85,25543.85,0.0,0.0,0.0,797.0,32.05,25543.85,32.05,32.05,32.05,32.05,30.53,-797,0.0,4.98,32.05,-25544,0,-0.0,-24332.41,-1211.44,,,,0.5,1.65,5.83
BANKNIFTY24JUL52700PE,NFO,12966914,,NRML,,15,,,,,,,,,,,,962.5,908.0,0.0,-817,,,positions,NFO:BANKNIFTY24JUL52700PE,0.0,1.0,13620.0,-817.5,-817.5,0.0,15.0,962.5,14437.5,14437.5,0.0,0.0,0.0,0.0,15.0,962.5,14437.5,0.0,0.0,0.0,908.0,996.9,1000.0,790.85,925.4,15,-8.92,-1.88,962.5,14438,-818,-5.67,13881.0,-261.0,,,,1.45,4.26,18.48
BANKNIFTY24JUL52800CE,NFO,12967170,,NRML,,15,,,,,,,,,,,,1049.12,1027.55,0.0,1269,,,positions,NFO:BANKNIFTY24JUL52800CE,0.0,1.0,15413.25,1269.7500000000146,1269.7500000000146,0.0,75.0,1049.12,78683.99999999999,78683.99999999999,60.0,1075.675,64540.5,64540.5,75.0,1049.12,78683.99999999999,60.0,1075.675,64540.5,1027.55,1014.0,1246.0,867.55,1013.2,15,1.34,1.42,1049.12,15737,-323,-2.05,15198.0,215.25,,,,0.11,1.12,4.0
BANKNIFTY24JUL52800PE,NFO,12967426,,NRML,,15,,,,,,,,,,,,996.35,955.0,0.0,-620,,,positions,NFO:BANKNIFTY24JUL52800PE,0.0,1.0,14325.0,-620.25,-620.25,0.0,15.0,996.35,14945.25,14945.25,0.0,0.0,0.0,0.0,15.0,996.35,14945.25,0.0,0.0,0.0,955.0,1030.95,1109.7,835.0,976.85,15,-7.37,-2.24,996.35,14945,-620,-4.15,14652.75,-327.75,,,,0.36,1.43,4.95
BANKNIFTY24JUL52900CE,NFO,12967682,,NRML,,15,,,,,,,,,,,,1034.4,968.1,0.0,1053,,,positions,NFO:BANKNIFTY24JUL52900CE,0.0,1.0,14521.5,1053.7499999999927,1053.7499999999927,0.0,45.0,1034.4,46548.00000000001,46548.00000000001,30.0,1102.675,33080.25,33080.25,45.0,1034.4,46548.00000000001,30.0,1102.675,33080.25,968.1,963.2,1188.95,841.0,976.95,15,0.51,-0.91,1034.4,15516,-994,-6.41,14654.25,-132.75,,,,0.43,1.54,5.36
BANKNIFTY24JUL52900PE,NFO,12967938,,NRML,,15,,,,,,,,,,,,1018.7,1005.0,0.0,-205,,,positions,NFO:BANKNIFTY24JUL52900PE,0.0,1.0,15075.0,-205.5,-205.5,0.0,15.0,1018.7,15280.5,15280.5,0.0,0.0,0.0,0.0,15.0,1018.7,15280.5,0.0,0.0,0.0,1005.0,1092.45,1140.2,874.6,1015.7,15,-8.0,-1.05,1018.7,15280,-205,-1.34,15235.5,-160.5,,,,0.11,1.12,4.0
BANKNIFTY24JUL53000CE,NFO,12970242,,NRML,,15,,,,,,,,,,,,1017.6,915.0,0.0,-1539,,,positions,NFO:BANKNIFTY24JUL53000CE,0.0,1.0,13725.0,-1539.0,-1539.0,0.0,15.0,1017.6,15264.0,15264.0,0.0,0.0,0.0,0.0,15.0,1017.6,15264.0,0.0,0.0,0.0,915.0,923.8,1137.5,830.0,931.3,15,-0.95,-1.75,1017.6,15264,-1539,-10.08,13969.5,-244.5,,,,0.86,2.36,10.4
BANKNIFTY24JUL53100CE,NFO,12972034,,NRML,,15,,,,,,,,,,,,1042.35,874.95,0.0,-2510,,,positions,NFO:BANKNIFTY24JUL53100CE,0.0,1.0,13124.25,-2510.999999999998,-2510.999999999998,0.0,15.0,1042.35,15635.249999999998,15635.249999999998,0.0,0.0,0.0,0.0,15.0,1042.35,15635.249999999998,0.0,0.0,0.0,874.95,826.0,1091.95,791.5,880.3,15,5.93,-0.61,1042.35,15635,-2510,-16.05,13204.5,-80.25,,,,3.37,20.09,18.48
NIFTY24JUN21500PE,NFO,16443394,,NRML,,325,,,,,,,,,,,,54.04,0.1,0.55,-17531,,,positions,NFO:NIFTY24JUN21500PE,325.0,1.0,32.5,-146.25000000000003,-17531.2501,0.0,325.0,54.042308000000006,17563.7501,178.75000000000003,0.0,0.0,0.0,0.0,0.0,0.0,0.0,0.0,0.0,0.0,0.1,0.4,0.5,0.05,0.55,325,-75.0,-81.82,54.042308000000006,17564,-17531,-99.81,178.75,-146.25,,,,-1.01,0.36,2.8
NIFTY24JUN22600PE,NFO,16459522,,NRML,,150,,,,,,,,,,,,67.98,0.05,0.7,-10189,,,positions,NFO:NIFTY24JUN22600PE,150.0,1.0,7.5,-97.5,-10189.99995,0.0,150.0,67.983333,10197.49995,105.0,0.0,0.0,0.0,0.0,0.0,0.0,0.0,0.0,0.0,0.0,0.05,0.3,0.45,0.05,0.7,150,-83.33,-92.86,67.983333,10197,-10189,-99.92,105.0,-97.5,,,,-1.01,0.36,2.8
NIFTY24JUN23200PE,NFO,16472834,,NRML,,25,,,,,,,,,,,,324.6,0.05,1.75,-8113,,,positions,NFO:NIFTY24JUN23200PE,25.0,1.0,1.25,-42.5,-8113.750000000001,0.0,25.0,324.6,8115.000000000001,43.75,0.0,0.0,0.0,0.0,0.0,0.0,0.0,0.0,0.0,0.0,0.05,0.7,0.9,0.05,1.75,25,-92.86,-97.14,324.6,8115,-8113,-99.98,43.75,-42.5,,,,-1.0,0.37,2.8
AMBER,NSE,303361,,CNC,,-1,,,,,,,,,,,,4275.0,4279.25,0.0,-4,,,positions,NSE:AMBER,0.0,1.0,-4279.25,-4.25,-4.25,0.0,0.0,0.0,0.0,0.0,1.0,4275.0,4275.0,4275.0,0.0,0.0,0.0,1.0,4275.0,4275.0,4279.25,4275.0,4425.35,4217.0,4262.75,-1,0.1,0.39,4275.0,-4275,-4,0.09,-4262.75,-16.5,,,,0.03,1.03,3.78
RELIANCE,NSE,738561,,CNC,,-6,,,,,,,,,,,,3016.1,3061.1,0.0,-270,,,positions,NSE:RELIANCE,0.0,1.0,-18366.6,-270.0,-270.0,0.0,0.0,0.0,0.0,0.0,6.0,3016.1,18096.6,18096.6,0.0,0.0,0.0,6.0,3016.1,18096.6,3061.1,3027.5,3075.0,3012.0,3028.05,-6,1.11,1.09,3016.1,-18097,-269,1.49,-18168.3,-198.3,,,,0.76,2.14,8.62
BANKNIFTY24JUL52700CE,NFO,12966658,,NRML,,0,,,,,,,,,,,,0.0,1079.05,0.0,4560,,,positions,NFO:BANKNIFTY24JUL52700CE,0.0,1.0,0.0,4560.749999999993,4560.749999999993,0.0,60.0,1033.2125,61992.75000000001,61992.75000000001,60.0,1109.225,66553.5,66553.5,60.0,1033.2125,61992.75000000001,60.0,1109.225,66553.5,1079.05,1002.1,1303.3,989.55,1071.45,0,7.68,0.71,0.0,0,0,,0.0,0.0,,,,0.83,2.29,9.79
BANKNIFTY24JUL53000PE,NFO,12970498,,NRML,,0,,,,,,,,,,,,0.0,1049.0,0.0,2614,,,positions,NFO:BANKNIFTY24JUL53000PE,0.0,1.0,0.0,2614.5,2614.5,0.0,30.0,975.35,29260.5,29260.5,30.0,1062.5,31875.0,31875.0,30.0,975.35,29260.5,30.0,1062.5,31875.0,1049.0,1093.0,1175.0,915.1,1059.55,0,-4.03,-1.0,0.0,0,0,,0.0,0.0,,,,0.89,2.44,11.15
BANKNIFTY24JUL53100PE,NFO,12972290,,NRML,,0,,,,,,,,,,,,0.0,1102.3,0.0,1474,,,positions,NFO:BANKNIFTY24JUL53100PE,0.0,1.0,0.0,1474.5,1474.5,0.0,15.0,994.8,14922.0,14922.0,15.0,1093.1,16396.5,16396.5,15.0,994.8,14922.0,15.0,1093.1,16396.5,1102.3,1167.55,1214.8,970.0,1124.1,0,-5.59,-1.94,0.0,0,0,,0.0,0.0,,,,0.91,2.48,11.55
